{
  "icann.account.username": "username@example.com",
  "icann.account.password": "Abcdef#12345678",
  "authentication.base.url": "https://account-api.icann.org",
  "czds.base.url": "https://czds-api.icann.org",
  "working.directory": "/where/zonefiles/will/be/saved",
  "database.enabled": false,
  "database.path": "/path/to/zonefiles.db",
  "database.batch_size": 10000,
  "database.max_connections": 1,
  "log.interval_seconds": 5,
  "resume.enabled": true,
  "resume.processing": true,
  "resume.checkpoint_dir": "/path/to/checkpoints",
  "service.enabled": false,
  "service.download_start_time": "00:15:00",
  "service.download_end_time": "05:45:00",
  "service.timezone": "UTC",
  "service.change_tracking.enabled": true,
  "service.change_tracking.archive_dir": "/path/to/archive",
  "webhooks": [
    {
      "url": "https://example.com/webhook",
      "events": ["new_domain", "deleted_domain", "record_change"],
      "tlds": ["com", "net", "org"],
      "max_batch_size": 1000,
      "headers": {
        "Authorization": "Bearer YOUR_API_KEY",
        "Content-Type": "application/json"
      }
    }
  ]
}
